﻿RuleCategory,RuleName,ObjectType,RuleApplicability,RegularExpression,HelpLink,Reason,Severity,Category,Auto-Fix enabled,Recommendation,,,
DataType,geometry_type,geometry,All,"(^|\s+)([@a-zA-z0-9_]+\s+[\[]?geometry[\]]?)(\s|,|\)|$)",,geometry data type is not supported in Synapse SQL pool,1,Breaking change,Yes,convert to varbinary,,,
DataType,geography_type,geography,All,"(^|\s+)([@a-zA-z0-9_]+\s+[\[]?geography[\]]?)(\s|,|\)|$)",,geography data type is not supported in Synapse SQL pool,1,Breaking change,Yes,convert to varbinary,,,
DataType,hierarchyid_type,hierarchyid,All,"(^|\s+)([@a-zA-z0-9_]+\s+[\[]?hierarchyid[\]]?)(\s|,|\)|$)",,hierarchyid data type is not supported in Synapse SQL pool,1,Breaking change,Yes,convert to nvarchar(4000),,,
DataType,image_type,image,All,"(^|\s+)([@a-zA-z0-9_]+\s+[\[]?image[\]]?)(\s|,|\)|$)",,image data type is not supported in Synapse SQL pool,1,Breaking change,Yes,convert to varbinary,,,
DataType,text_type,text,All,"(^|\s+)([@a-zA-z0-9_]+\s+[\[]?text[\]]?)(\s|,|\)|$)",,text data type is not supported in Synapse SQL pool,1,Breaking change,Yes,Convert to varchar,,,
DataType,ntext_type,ntext,All,"(^|\s+)([@a-zA-z0-9_]+\s+[\[]?ntext[\]]?)(\s|,|\)|$)",,ntext data type is not supported in Synapse SQL pool,1,Breaking change,Yes,Convert to nvarchar,,,
DataType,sql_variant_type,sql_variant,All,"(^|\s+)([@a-zA-z0-9_]+\s+[\[]?sql_variant[\]]?)(\s|,|\)|$)",,sql_variant data type is not supported in Synapse SQL pool,0,Blocker,No,Split column into several strongly typed columns.,,,
DataType,timestamp_type,timestamp,All,"(^|\s+)([@a-zA-z0-9_]+\s+[\[]?timestamp[\]]?)(\s|,|\)|$)",,timestamp data type is not supported in Synapse SQL pool,1,Breaking Change,Yes,"Rework code to use datetime2 and the CURRENT_TIMESTAMP function. Only constants are supported as defaults, so current_timestamp can't be defined as a default constraint. If you need to migrate row version values from a timestamp typed column, use BINARY(8) or VARBINARY(8) for NOT NULL or NULL row version values.",,,varchar
DataType,xml_type,xml,All,"(^|\s+)([@a-zA-z0-9_]+\s+[\[]?xml[\]]?)(\s|,|\)|$)",,xml data type is not supported in Synapse SQL pool,1,Breaking Change,Yes,Convert to varchar,,,
DataType,userdefineddatatype,userdefinedtype,All,(^|\s*)(CREATE\s+TYPE),,user defined types are not supported in Synapse SQL pool,2,Easy Fix,No,Convert to native type when possible,,,
DataType,SPARSEColumns,NA,All,"(^|\s+)([@a-zA-z0-9_]+\s+[\[]?sparse[\]]?)(\s|,|\)|$)",https://docs.microsoft.com/en-us/azure/synapse-analytics/sql-data-warehouse/sql-data-warehouse-tables-overview#unsupported-table-features,SParse columns are not supported in Synapse SQL pool,2,Easy Fix,No,Remove Sparse,,,
DataType,Sequence,NA,All,"(^|\s+)[\[]?create\s+sequence[\]]?(\s|,|\)|$)",https://docs.microsoft.com/en-us/azure/synapse-analytics/sql-data-warehouse/sql-data-warehouse-tables-overview#unsupported-table-features,Sequence is not supported in Synapse SQL pool,1, Breaking Change,No,Remove Sequence,,,
DataType,Synonym,NA,All,"(^|\s+)[\[]?create\s+synonym[\]]?(\s|,|\)|$)",https://docs.microsoft.com/en-us/azure/synapse-analytics/sql-data-warehouse/sql-data-warehouse-tables-overview#unsupported-table-features,Synonyms are not supported in Synapse SQL pool,0,Blocker,No,Remove Synonym,,,
DataType,Trigger,NA,All,"(^|\s+)[\[]?create\s+trigger[\]]?(\s|,|\)|$)",https://docs.microsoft.com/en-us/azure/synapse-analytics/sql-data-warehouse/sql-data-warehouse-tables-overview#unsupported-table-features,Triggers are not supported in Synapse SQL pool,0,Blocker,No,Remove Trigger,,,
Index,UniqueIndex,NA,All,"(^|\s+)[\[]?create\s+unique\s+index[\]]?(\s|,|\)|$)",https://docs.microsoft.com/en-us/azure/synapse-analytics/sql-data-warehouse/sql-data-warehouse-tables-overview#unsupported-table-features,Unique Indexes are not supported in Synapse SQL pool,1,Breaking Change,No,"Remove Index or switch to a supported index type (CCI, Heap, etc)",,,
Constraints,PrimaryKeyConstraint_type,PRIMARY_KEY_CONSTRAINT,All,"(^|\s+)PRIMARY\s+KEY\s*(\([a-zA-Z]+\)|\(\s*[a-zA-Z]+\s*,\s*[a-zA-Z]+\s*\))(\s|,|\)|$|;|)",,"Primary Key constraints are only supported with Non-Clustered, Not Enforced",1,Breaking Change,Yes,Convert to non-clustered index and add Not Enforced,,,
Constraints,UniqueConstraint_type,UNIQUE_CONSTRAINT,All,"(^|\s+)UNIQUE\s*(\([a-zA-Z]+\)|\(\s*[a-zA-Z]+\s*,\s*[a-zA-Z]+\s*\))(\s|,|\)|$|;|)",,Unique constraints are only supported with Not Enforced,1,Breaking Change,Yes,Add Not Enforced to constraint and remove others,,,
Constraints,ForeignKey_type,FOREIGN_KEY_CONSTRAINT,All,"(^|\s+)FOREIGN\s+KEY\s*(\([a-zA-Z]+\)|\(\s*[a-zA-Z]+\s*,\s*[a-zA-Z]+\s*\))(\s|,|\)|$|;|)",,Foreign key constraints are not supported in Synapse SQL pool,0,Blocker,No,Remove the constraint,,,
Index,UniqueIndexCCI_type,UniqueIndex,All,"(^|\s+)[\[]?CREATE\s+UNIQUE\s+CLUSTERED\s+INDEX[\]]?(\s|,|\)|$)",,"Columnstore tables do not support varchar(max), nvarchar(max), and varbinary(max)",1,Breaking Change,No,Convert to heap or clustered index instead.,,,
Temporary Tables,GlobalTemporaryTable,NA,All,(^|\s+)((CREATE|ALTER)\s+TABLE\s+##[a-zA-Z0-9_.-\[\]]+),https://docs.microsoft.com/en-us/azure/synapse-analytics/sql-data-warehouse/sql-data-warehouse-tables-temporary#temporary-table-limitations,Global temporary tables are not supported in Synapse SQL pool,1,Breaking Change,Yes,Convert to user-defined table or ensure that the table is not used outside the context of this object,,,
View,TemporaryTableInView,NA,Views,"(^|\s+)((CREATE|ALTER)\s+VIEW\s+[[a-zA-Z0-9_\[\].]+\s+AS\s+[a-zA-Z0-9\s',\(\):=/.><-]+)(FROM\s+#[[a-zA-Z0-9_\[\].]+)",https://docs.microsoft.com/en-us/azure/synapse-analytics/sql-data-warehouse/sql-data-warehouse-tables-temporary#temporary-table-limitations,Views can't be created on temporary tables.,1,Breaking Change,No,Convert temporary table to a user-defined table,,,
StoredProc,TableValuedParametersInProc,Table,StoredProcs,,https://docs.microsoft.com/en-us/azure/synapse-analytics/sql-data-warehouse/sql-data-warehouse-develop-stored-procedures#limitations,Table valued parameters are not supported in Synapse SQL pool stored procedures,1,Breaking Change,No,Remove parameter and consider reading table values in body.,,,
StoredProc,ReadOnlyParametersInProc,NA,StoredProcs,"(^|\s+)((CREATE|ALTER)\s+(PROCEDURE|PROC)\s+[\[\]a-zA-Z0-9._]+\s*[@\[\]a-zA-Z0-9._\s,]*@[a-zA-Z0-9,._\(\)=\s@]+READONLY)([@\[\]a-zA-Z0-9._\s,=]*AS)",https://docs.microsoft.com/en-us/azure/synapse-analytics/sql-data-warehouse/sql-data-warehouse-develop-stored-procedures#limitations,Read only parameters are not supported in Synapse SQL pool stored procedures,1,Breaking Change,Yes,Remove read only option,,,
StoredProc,ReturnStatementsInProc,NA,StoredProcs,"(^|\s+)[\[]?RETURN[\]]?(\s|,|\)|$|[-#\[\]a-zA-Z0-9._\s\(\)/=+<>]*)",https://docs.microsoft.com/en-us/azure/synapse-analytics/sql-data-warehouse/sql-data-warehouse-develop-stored-procedures#limitations,Return statements are not supported in Synapse SQL pool stored procedures,1,Breaking Change,No,Remove return statement and consider storing required values in table,,,
StoredProc,DefaultParametersInProc,NA,StoredProcs,"(^|\s+)((CREATE|ALTER)\s+(PROCEDURE|PROC)\s+[\[\]a-zA-Z0-9._]+\s*[@\[\]a-zA-Z0-9._\s,]*@[a-zA-Z0-9._\(\)\s]+=[@\[\]a-zA-Z0-9._\s,=]*AS)",https://docs.microsoft.com/en-us/azure/synapse-analytics/sql-data-warehouse/sql-data-warehouse-develop-stored-procedures#limitations,Default values for parameters are not supported in Synapse SQL pool stored procedures,1,Breaking Change,No,switch to dynamic allocation.,,,
StoredProc,EncryptionOptionInProc,NA,StoredProcs,(^|\s+)((CREATE|ALTER)\s+(PROCEDURE|PROC)\s+[a-zA-Z0-9\[\]._]+\s+WITH\s+ENCRYPTION\s*),https://docs.microsoft.com/en-us/azure/synapse-analytics/sql-data-warehouse/sql-data-warehouse-develop-stored-procedures#limitations,Encryption option is not supported in Synapse SQL pool stored procedures,1,Breaking Change,Yes,Remove option. ,,,
StoredProc,ReplicationOptionInProc,NA,StoredProcs,(^|\s+)((CREATE|ALTER)\s+(PROCEDURE|PROC)\s+[\[\]a-zA-Z0-9._]+\s+FOR\s+REPLICATION\s*),https://docs.microsoft.com/en-us/azure/synapse-analytics/sql-data-warehouse/sql-data-warehouse-develop-stored-procedures#limitations,For replication option is not supported in Synapse SQL pool stored procedures,1,Breaking Change,Yes,Remove option. ,,,
StoredProc,CLRProc,NA,StoredProcs,(^|\s+)((CREATE|ALTER)\s+(PROCEDURE|PROC)\s+[\[\]a-zA-Z0-9._]+\s+AS\s+EXTERNAL\s+NAME\s*),https://docs.microsoft.com/en-us/azure/synapse-analytics/sql-data-warehouse/sql-data-warehouse-develop-stored-procedures#limitations,CLR procedures are not supported in Synapse SQL pool,0,Blocker,No,Remove procedure or switch to regular stored procedure. ,,,
StoredProc,NumberedProc,NA,StoredProcs,(^|\s+)(CREATE|ALTER)\s+(PROC|PROCEDURE)\s+([\[\]a-zA-Z0-9._]+\s*;\s*[0-9]+\s*),https://docs.microsoft.com/en-us/azure/synapse-analytics/sql-data-warehouse/sql-data-warehouse-develop-stored-procedures#limitations,Numbered procedures are not supported in Synapse SQL pool,1,Breaking Change,No,"Combine all procedures into 1 stored procedure, or switch all to regular stored procedures.",,,
StoredProc,TemporaryProc,NA,StoredProcs,(^|\s+)(CREATE|ALTER)\s+(PROC|PROCEDURE)\s+(##[\[\]a-zA-Z0-9._]+|#[\[\]a-zA-Z0-9._]+),https://docs.microsoft.com/en-us/azure/synapse-analytics/sql-data-warehouse/sql-data-warehouse-develop-stored-procedures#limitations,Temporary procedures are not supported in Synapse SQL pool,1,Breaking Change,Yes,Switch to stored procedure. ,,,
StoredProc,ExecutionContextInProc,NA,StoredProcs,(^|\s+)(CREATE|ALTER)\s+(PROC|PROCEDURE)\s+([-#\[\]a-zA-Z0-9._\s\(\)/=+<>]+EXECUTE\s+AS),https://docs.microsoft.com/en-us/azure/synapse-analytics/sql-data-warehouse/sql-data-warehouse-develop-stored-procedures#limitations,Execute AS option is not supported in Synapse SQL pool stored procedures,0,Blocker,No,Remove option. ,,,
Query,CrossDBQuery,NA,All,,,Cross database queries are not supported in Synapse SQL pool. ,0,Blocker,No,Consider breaking up and storing query results into temp tables and carry out transactions accordingly across databases.   ,,,
