Active,SourceDirectory,ObjectType
1,..\..\..\Input\Functions,Functions
1,..\..\..\Input\StoredProcs,StoredProcs
1,..\..\..\Input\Views,Views
1,..\..\..\Input\Triggers,Triggers
1,..\..\..\Input\Tables,Tables
1,..\..\..\Input\Sequences,Sequences
1,..\..\..\Input\UserDefinedTypes,UserDefinedTypes
1,..\..\..\Input\UserDefinedDataTypes,UserDefinedDataTypes
1,..\..\..\Input\UserDefinedTableTypes,UserDefinedTableTypes
1,..\..\..\Input\UserDefinedAggregates,UserDefinedAggregates
1,..\..\..\Input\Synonyms,Synonyms
